id_parameter,name,unit
1,Licence:,
2,Accounting:,
3,1 user & 1 year,
4,Desktop application,
5,Compatible with Windows,
6,1 year of SageCover support,
7,Download,
8,Up to 15 employees,
9,Compatible with:,
10,CD,
11,Remote control,
12,Purifies / cools,
13,10 speed settings,
14,Removable filter,
15,Purifies / heats / cools,
16,8 hour timer,
17,Quiet operation & variable speeds,
18,Suitable for room size up to 63 mu00b2,
19,Air flow rate:,
20,Suitable for room size up to 36 mu00b2,
21,12 hour timer,
22,UV sterilisation,
23,Real-time air quality monitoring,
24,Replaceable filter,
25,Suitable for room size up to 17 mu00b2,
26,Control remotely from your phone,
27,HEPASilent Technology,
28,8 hour timer & LCD display,
29,3 speed settings,
30,HEPA filter,
31,Power:,
32,Suitable for room size up to 35 mu00b2,
33,Suitable for room size up to 64 mu00b2,
34,Suitable for room size up to 42 mu00b2,
35,Portable,
36,Suitable for room size up to 10 mu00b2,
37,Suitable for room size up to 27 mu00b2,
38,Suitable for room size up to 17.1 mu00b2,
39,HEPA and carbon filter,
40,Multi-stage air purification,
41,Suitable for room size up to 49 mu00b2,
42,Suitable for room size up to 38 mu00b2,
43,6-fan technology,
44,Suitable for room size up to 23 mu00b2,
45,Clean air flow rate:,
46,Removes airborne allergens from the air,
47,Suitable for room size up to 14 mu00b2,
48,Upgrade your stereo with wireless capabilities,
49,Nickel-plated connector,
50,3.5 mm & RCA connections,
51,Bluetooth music streaming,
52,Connect up to 2 devices at once,
53,Four-way 3.5 mm jacks,
54,Control your stereo using your smartphone,
55,Gold-plated connector,
56,Connect up to 3 devices at once,
57,3.5 mm jack x 2,
58,Belt loop,
59,Zip closure,
60,Lanyard,
61,Rain cover,
62,Shoulder strap,
63,Adjustable dividers,
64,Suitable for DSLR cameras,
65,Suitable for compact cameras,
66,Clip / zip / velcro closure,
67,Shoulder strap & belt loop,
68,Carry handle,
69,Plastic clip closure,
70,Suitable for mirrorless / bridge cameras,
71,Weatherproof material,
72,Suitable for bridge cameras,
73,Shoulder strap / carry handle / belt loop,
74,Shoulder strap & carry handle,
75,Suitable for DSLR / mirrorless cameras,
76,Velcro closure,
77,Material:,
78,Zip & clip closure,
79,Dual-zip closure,
80,Suitable for mirrorless cameras,
81,Preserve freshness & reduce food waste,
82,Metric & imperial measures,
83,Weighs up to 10 kg / 22 lbs,
84,Measures liquids,
85,Weighs up to 15 kg / 33 lbs,
86,One-button operation,
87,Capacity:,
88,2 year guarantee,
89,LCD display,
90,2 operating modes,
91,Holds 6 mugs,
92,Storage compartment,
93,Weighs up to 4 kg / 9 lbs,
94,Aquatronic liquid measurements,
95,Stainless-steel blade,
96,Weighs up to 5 kg,
97,Dishwasher safe,
98,Marinating function,
99,Transparent lid,
100,Weighs up to 10 kg / 11 lbs,
101,Measures temperatures from -10u00b0C - +250u00b0C,
103,Weighs up to 5 kg / 11 lbs,
104,Chrome plated,
105,Timer,
106,Add-and-weigh function,
107,Hose connection,
108,App compatible with iOS & Android,
109,Compatible with GoXtreme Vision 4K Action Camera batteries,
110,Compatible with Canon LP-E8 batteries,
111,Compatible with GoXtreme Vision & Impulse,
112,Compatible with the Canon CA-PS700 AC Adapter,
113,Provides a constant power supply,
114,Compatible with GoXtreme Black Hawk & Stage Action Camera batteries,
116,Holds 2 LP-E6 or LP-E6N battery packs,
117,USB port for charging other devices,
118,Compatible with Canon EOS R & Ra cameras,
119,Compatible with Canon PowerShot N100 & G1 X MKII,
120,Compatible with select Canon EOS cameras,
121,Replacement battery for Canon LP-E10,
122,Compatible with Canon EOS 70D / 80D / 90D,
123,Compatible with select Canon PowerShot cameras,
124,On-board controls,
125,Compatible with EOS 6D Mark II,
126,Compatible with Canon EOS 1D X Mark II / M3 / M5 / M6,
127,Holds 2 LP-E6N battery packs,
128,Compatible with Canon PowerShot SX70 HS,
129,Compatible with DrivePro Body 20 & DrivePro Body 52 cameras,
130,Compatible with Canon EOS M3 / 750D,
131,Charges two battery packs,
132,Compatible with Canon LC-E17 batteries,
133,Compatible with select Canon camcorders,
134,Auto-off,
135,Batteries included:,
136,Voltage:,
137,NiMH,
138,Lithium,
139,Charges up to 4 batteries,
140,Compatible with AA / AAA batteries,
141,Alkaline,
142,Secure fit,
143,Up to 10.2 Gbps,
144,Suitable for 4K Ultra HD,
145,3-layer shielding,
146,HDMI inputs x 5,
147,Up to 18 Gbps,
148,Includes remote control,
149,Protective mesh coating,
150,4-layer shielding,
151,2-layer shielding,
152,Suitable for 4K Ultra HD at 60 Hz & HDR,
153,RCA / S-Video connectors,
154,Input / output switch,
155,Suitable for Full HD 1080p,
156,3.5 mm / RCA connections,
158,Oxygen free copper wire for minimal data loss,
159,Wheels,
160,Cooking area:,
161,3 heat settings,
162,Side shelf,
163,Overheating protection,
164,Castor wheels,
166,Side shelves,
168,Side shelves & bottom shelf,
169,Handle & lockable lid,
170,Includes thermometer,
172,Bottom shelf,
173,Polyurethane & TPU,
174,Snap-on hard shell,
175,Snap-on soft shell,
176,Plastic,
177,Wireless charging compatible,
178,Polycarbonate & synthetic rubber,
179,Anti-slip grip band,
180,Compatible with smartphones / tablets / laptops,
181,7x magnification,
182,Compatible with Samsung Wireless Charging Pad,
183,Polycarbonate,
184,Corner & edge protection,
185,D30,
186,165u00b0 angle of view,
187,Polycarbonate & TPU,
188,Polyurethane,
189,Drop protection,
190,Flip cover,
191,Compatible with most smartphones,
192,Biodegradable material,
193,Compatible with PC & Mac,
194,USB 2.0,
195,Improves playback quality,
196,Includes cleaning tape & fluid,
197,Suitable for all screens,
198,Includes cloth / 200 ml spray,
199,Allergen-free & anti-bacterial,
200,Includes washable microfibre cleaning cloth,
201,Includes cleaning case / cleaning fluid / repair paste / polishing pads x 5,
202,Choose & adjust temperature remotely,
203,Makes 8 cups,
205,Keeps your drink hot for up to 90 minutes,
206,Compatible with Nescafe Dolce Gusto coffee machines,
207,For use in all Nescafu00e9 Dolce Gusto machines,
208,Compatible with iOS / Android devices,
209,60 grind settings,
210,Cleaning tablets,
211,Lid-activated safety switch,
212,Stainless steel,
214,Push button operation,
215,Blend of fine Latin American beans,
216,Softens water,
217,Two descaling tablets,
218,17 grind settings,
219,Integrated thermometer,
221,100% ethically sourced,
222,Coffee quantity settings for 2-14 cups,
223,Works with Tassimo descaling program,
224,Plastic & stainless steel,
225,Includes charging coaster,
226,Compatible with Tassimo coffee machines,
227,Warms & froths milk,
228,Compatible with De'Longhi Bean to Cup & Pump Espresso machines,
229,19-bar pressure,
230,Over 50 types of coffee & hot drink pods available,
231,Automatic cleaning program,
232,Integrated grinder & milk frother,
233,Tank capacity:,
234,Over 30 types of coffee pods available,
235,Compatible with coffee beans / ground coffee,
236,15-bar pressure,
237,Personalised coffee settings,
238,Auto power shut-off,
239,3.3-bar pressure,
240,Compatible with ground coffee / ESE Pods,
241,4 cup sizes including a large cup,
242,Milk frother,
243,MD16GD4320016XRGB,
244,MD32GK2D4320016XRGB,
245,CMK32GX4M2E3200C16,
246,VR Ready,
247,CMK16GX4M2D3600C18,
248,CL 18,
249,CMK16GX4M2B3200C16,
250,18-20-20,
251,CMV4GX3M1A1600C11,
252,18-22-22-42,
253,3600 MHz frequency,
254,5600 MHz frequency,
255,CMV8GX3M1A1600C11,
256,CMT32GX5M2X5600C36,
257,CMW16GX4M2D3600C18,
258,CMW32GX4M2E3200C16,
259,CMSA8GX3M1A1333C9,
261,1600 MHz frequency,
262,CMW16GX4M2C3200C16,
263,3000 MHz frequency,
264,MD32GK2D4320016XR,
265,CMW16GX4M2C3200C16W,
266,CMW32GX4M2Z3600C18,
267,SO-DIMM,
268,3200 MHz frequency,
269,MD8GD4320016XRGB,
270,HX432C16FB3K2/16,
271,1333 MHz frequency,
272,36-36-36-76,
273,16-18-18,
274,DIMM,
275,MD16GK2D4360018XRGB,
276,CMK16GX4M2D3000C16,
277,CL 36,
278,16-20-20-38,
279,MD16GK2D4320016AXR,
280,CL 16,
281,16-18-18-36,
282,CL 11,
283,1440p gaming up to 120 FPS & HDR,
284,Designed specifically for handheld play,
285,64 GB hard drive,
286,Built-in WiFi,
287,512 GB SSD with expandable storage slot,
288,Undock for portable gaming,
289,Connect up to 8 Switch & Switch Lite systems together,
290,Compatible with any Switch game with handheld mode,
292,HD 720p,
293,3D spatial sound & Dolby TrueHD with Atmos,
294,Wireless controller included,
295,Watch Blu-ray and stream 4K TV shows,
296,32 GB hard drive,
297,Built-in controllers,
298,Dual analogue sticks,
299,Custom 1 TB NVMe SSD & 16 GB GDDR6 memory,
300,4K Ultra HD gaming up to 120 FPS & up to 8K HDR,
301,Up to 9 hours battery life,
302,Stream 4K video with built-in WiFi,
303,Large capacity oven,
304,4-zone electric induction hob,
305,89.5 x 100 x 60 cm (H x W x D),
306,4-burner gas hob,
307,90 x 60 x 60 cm (H x W x D),
308,4-zone electric ceramic hob,
309,Single conventional oven with separate grill,
310,Electric,
311,90 x 59.5 x 60 cm (H x W x D),
312,4-burner gas hob / enamel supports,
313,Width:,
314,7-burner gas hob,
315,One electric oven / Integrated electric grill,
316,90 x 50 x 60 cm (H x W x D),
317,Easy-clean enamel,
318,Main oven cleaning:,
319,Integrated gas grill,
320,One electric oven / Separate electric grill,
321,Fan-assisted oven,
322,4-zone electric solid plate hob,
323,Single oven with integrated grill,
324,Two electric ovens / Separate electric grill,
325,One gas oven / Separate gas grill,
326,Two electric ovens,
327,Single oven with separate grill,
328,Two electric ovens / Integrated electric grill,
329,Single-oven cooker with separate grill,
330,Fan oven,
331,One gas oven,
332,90 x 59.5 x 60.9 cm (H x W x D),
333,Integrated electric grill,
334,Enamel pan supports,
335,5-year non-stick life span,
336,Oven safe,
337,Suitable for all hobs excluding induction,
338,5-year manufacturer's guarantee,
340,Suitable for all hobs including induction,
342,Oven safe up to 260u00b0C,
343,Dishwasher-safe parts,
344,Photo and video:,
345,Full version,
346,Includes 20 GB online backup,
348,Compatible with Windows / MacOS / iOS / Android,
349,Disc burning and media conversion:,
350,Student edition,
351,Product key card,
352,Photo editing:,
353,Movie & media player:,
354,Includes 100 GB online backup,
356,Graphic design:,
357,Compatible with Windows / MacOS,
358,Boxed,
359,Video editing:,
365,Washable filter / HEPA filter,
367,4 humidity settings,
369,6 hour timer,
370,Drier air helps to control mould spore and dust mites,
372,5 humidity settings,
373,Quiet 2 speed operation,
375,Suitable for room size up to 20 mu00b2,
376,24 hour timer,
377,2 humidity settings,
378,Helps to prevent condensation and damp issues,
379,Suitable for room size up to 15 mu00b2,
381,Carbon filter,
383,Microphone jack,
384,Two-directional microphone,
385,Transcription feature,
386,Recording time:,
387,Recording quality:,
388,Direct USB connection,
389,Energy rating:,
390,Ideal for smaller households (9 place settings),
391,Ideal for open plan living,
392,Ideal for smaller households (6 place settings),
393,82 x 59.8 x 55 cm (H x W x D),
394,Ideal for medium-sized households (14 place settings),
395,Low water usage:,
396,84.5 x 59.8 x 60 cm (H x W x D),
397,85 x 59.8 x 59.8 cm (H x W x D),
398,81.8 x 44.8 x 55 cm (H x W x D),
399,82 x 45 x 55 cm (H x W x D),
400,Auto-dosing system for optimal results,
401,Ideal for smaller households (10 place settings),
402,Ideal for smaller households (12 place settings),
403,Quick wash:,
404,Ideal for medium-sized households (13 place settings),
405,82 x 59.8 x 55.5 cm (H x W x D),
406,81.5 x 59.8 x 55 cm (H x W x D),
407,Online tutorials:,
410,Online access,
411,Dual temperature controls,
413,Automatic safety cut-off,
414,6 heat settings,
415,Timer function,
416,Includes range of accessories,
417,6 brushing modes,
418,3 brushing modes,
419,Easy to fill reservoir,
420,Includes 4 brush heads,
421,Includes carry bag,
422,1 brushing mode,
423,Cordless,
424,Includes 2 brush heads,
425,Compatible with most Oral-B handles,
426,3D cleaning action,
427,Includes 1 brush head,
428,16-degree angle,
429,Includes travel case,
430,Battery life:,
431,Bluetooth connectivity,
432,Pressure sensor,
433,Compatible with Philips Sonicare toothbrush,
434,Pack of 4,
435,Built-in LED light,
436,Integrated speakers & hand-free phone,
437,Adjustable fit system,
438,Compatible with Livall app,
439,USB port x 2,
440,Adjustable mount,
441,SOS alerts,
443,100 PSI compressor,
444,Compatible with Segway Kickscooters,
445,Compatible with Decent One & Decent One Max,
446,LED flashlight,
447,Foldable design,
449,Includes 3 valve adaptors,
450,Jump starts 12 V vehicle batteries,
451,Custom target pressure,
452,Sensor activated rear light,
453,Walkie-talkie function,
454,8100 mAh,
456,Password protected,
457,Suitable for tyres with inner tubes,
458,Compatible with Xiaomi Electric Scooters,
459,Canvas,
461,PCIe Gen4x2 NVMe interface,
462,Includes storage pouch,
463,Read speed:,
464,Hardware encryption,
465,Wireless network storage,
466,128 GB capacity for your games,
467,Secure online backup & storage for your files,
468,UHS Speed Class 3 ideal for 4K Ultra HD recording,
469,USB 3.0 / USB 2.0,
470,Automatic backup,
471,Certified works with Chromebook,
472,64 GB capacity for your games,
473,256 GB capacity for your games,
474,Personal Cloud storage,
475,USB 3.0 / USB Type-C,
476,Subscription:,
477,Compatible with Xbox Series X and Series S,
478,Up to 5 Gbps,
479,Backup for 5 mobile/tablet & 5 computing devices,
480,Access files via our free mobile and tablet app,
481,Compatible with Xbox One & Xbox Series X|S,
482,USB 3.0 / micro USB,
483,Backup software included,
484,USB 3.0,
486,Write speed:,
487,USB 3.0 / Ethernet,
488,Up to 7 days battery life,
489,Smartphone notifications,
490,Built-in GPS & heart rate monitor,
491,Tracks sports / steps / distance / calories / sleep,
492,Tracks sports / steps / distance / calories / sleep / health,
493,Tracks steps / distance / calories / swimming / sleep,
494,Up to 3 days battery life,
495,Heart rate monitor,
496,Tracks Active Zone Minutes / steps / distance / calories / sleep,
497,Up to 2 weeks battery life,
498,Up to 10 days battery life,
499,Up to 9 days battery life,
500,Up to 5 days battery life,
501,Water resistant,
502,View smartphone messages & notifications,
503,Includes bamboo cutting board lid,
504,Compatible with 5-litre beer kegs,
505,Store bread,
507,Removable drip tray,
508,Includes 1 replaceable filter cartridge,
511,Chrome-plated lid handle,
512,Bamboo & carbon steel,
513,Lid retaining magnet,
515,Make up to 60 litres of your favourite sparkling drinks,
516,Vacuum seal Zipper Bags & Fresh Containers,
517,4 preset functions,
518,Tin opener / knife sharpener / bottle opener,
519,Automatic start / stop,
521,Stainless steel blades,
522,Removable blade system,
524,Fully automatic,
525,Can opener / knife sharpener / bottle opener,
526,Lid-retaining magnet,
528,Cleaning sponge & scouring pad,
529,Designed for use with George Foreman grills,
530,Includes Fresh Container & Zipper Bags,
531,Includes 4 accessories,
532,Includes 3 accessories,
533,6 speed levels,
534,Mix / beat / whisk / knead / weigh / chop,
535,10 speed levels,
536,Mix / beat / whisk / knead / whip,
537,Mix / beat / whisk / knead / blend liquids,
539,7 speed levels with pulse function,
540,Includes 11 accessories,
541,Variable speed with pulse function,
542,Includes 12 accessories,
543,Mix / beat / whisk / knead,
545,Dishwasher safe parts,
546,Includes 9 accessories,
547,5 speed levels,
548,6 speed levels with pulse function,
549,Includes 7 accessories,
550,4 speed levels,
551,Mix / beat / whisk / knead / food processing,
552,Includes 6 accessories,
553,9 speed levels,
556,Chop / slice / grate / mix / puru00e9e / knead / whisk / whip / blend,
557,Includes 10 accessories,
558,Chop / slice / grate / mix / puru00e9e / whisk / whip / blend,
559,Chop / slice / grate / mix / puru00e9e,
560,Chop / slice / grate / mix / puru00e9e / knead / whisk / whip / blend / juice / crush ice,
561,Chop / slice / grate / mix / knead / whisk / whip / blend,
562,2 speed levels,
563,Chop / slice / grate / mix / puru00e9e / knead / whisk / whip / blend / juice,
564,Chop / slice / grate / mix / blend,
565,Includes 5 accessories,
567,Pulse function,
569,Slice / mix / whisk / whip,
571,Chop / slice / grate / mix / puru00e9e / blend,
572,3 speed levels with pulse function,
574,Includes 2 accessories,
575,Chop / puru00e9e / blend,
577,Chop,
578,Includes 15 accessories,
579,Chop / slice / grate / mix / knead / whisk / whip,
580,Chop / mix / puru00e9e / blend / crush ice,
581,Chop / puru00e9e / blend / mix,
583,2 speed levels with pulse function,
584,84.5 x 55.5 x 57.5 cm (H x W x D),
585,Table top design,
586,85.4 x 54.5 x 47.7 cm (H x W x D),
587,85.4 x 80.3 x 55.7 cm (H x W x D),
588,143 x 55 x 54.5 cm (H x W x D),
589,Fast chill rapidly lowers the temperature inside the fridge,
590,No need to defrost with frost free technology,
591,185.3 x 59.5 x 68.8 cm (H x W x D),
592,171.4 x 59.5 x 65.5 cm (H x W x D),
593,84 x 54 x 59 cm (H x W x D),
594,Suitable for outbuildings,
596,84.5 x 56 x 57.5 cm (H x W x D),
597,85.4 x 62.5 x 55.7 cm (H x W x D),
598,Seamless design available in a variety of colours & finishes,
599,85 x 56 x 58 cm (H x W x D),
600,81.8 x 59.5 x 54.5 cm (H x W x D),
601,85 x 144.8 x 77 cm (H x W x D),
602,Fast freeze rapidly lowers the temperature inside the freezer,
603,Modular design can be combined with other Bespoke models,
604,Manual defrost,
605,85 x 98.5 x 63.5 cm (H x W x D),
606,51 x 44 x 47.5 cm (H x W x D),
607,81.8 x 47.5 x 50 cm (H x W x D),
608,84.2 x 47.5 x 44.8 cm (H x W x D),
609,Reversible door to open the door from either side,
610,84 x 54.5 x 59 cm (H x W x D),
611,145.7 x 54.5 x 59.5 cm (H x W x D),
612,Temperature alarm warns you if the temperature rises,
613,Digital display to easily check your settings,
614,174 x 55 x 56 cm (H x W x D),
615,179 x 91.3 x 74.3 cm (H x W x D),
616,Water dispenser (no plumbing required),
617,Fan cooling creates the ideal conditions in your fridge,
618,Total frost free,
619,Open door & temperature alarms warn you if the temperature rises,
620,Total No Frost means no defrosting & fresher food,
623,151.7 x 50.1 x 56 cm (H x W x D),
624,Food freshness feature to keep your fruit and veg fresh,
625,182.4 x 55 x 55.7 cm (H x W x D),
626,114.5 x 48 x 50 cm (H x W x D),
627,182.4 x 55.5 x 56.2 cm (H x W x D),
628,203 x 60 x 66 cm (H x W x D),
630,178 x 91.2 x 71.6 cm (H x W x D),
632,Fridge:,
633,186 x 60 x 66 cm (H x W x D),
634,143 x 49.5 x 56.2 cm (H x W x D),
635,177 x 90.5 x 57.5 cm (H x W x D),
636,185.5 x 63.5 x 68.2 cm (H x W x D),
637,166 x 54 x 54.5 cm (H x W x D),
639,149.5 x 55 x 58 cm (H x W x D),
640,Water & ice dispenser (requires plumbing),
641,177.2 x 54 x 54 cm (H x W x D),
643,178.5 x 91 x 64.5 cm (H x W x D),
644,185.3 x 59.5 x 65.8 cm (H x W x D),
645,136 x 55 x 58 cm (H x W x D),
647,84.5 x 56 x 62.3 cm (H x W x D),
648,64 x 44 x 51 cm (H x W x D),
649,Open door alarm warns you if the door is left open,
653,63 x 44.5 x 51 cm (H x W x D),
655,84 x 48 x 45.5 cm (H x W x D),
659,84.5 x 56 x 63.5 cm (H x W x D),
660,49.2 x 47.2 x 45 cm (H x W x D),
664,84.5 x 55.3 x 58.4 cm (H x W x D),
669,Icebox for your frozen food,
670,Auto defrost,
671,Single temperature zone,
672,Temperature range:,
673,Fixed hinge,
674,141 FPS when playing Fortnite at 1080p,
675,AMD Ryzen 7 5800X Processor,
676,Intelu00ae Coreu2122 i7-12700 Processor,
677,Intelu00ae Coreu2122 i5-11400F Processor,
678,244 FPS when playing Fortnite at 1080p,
679,360 FPS when playing Fortnite at 1080p,
680,Unlocked Intelu00ae Coreu2122 i7-11700K Processor,
681,AMD Ryzen 5 5600X Processor,
682,Intelu00ae Coreu2122 i7-11700F Processor,
683,AMD Ryzen 7 5800 Processor,
684,Graphics:,
685,290 FPS when playing Fortnite at 1080p,
686,191 FPS when playing Fortnite at 1080p,
687,303 FPS when playing Fortnite at 1080p,
688,271 FPS when playing Fortnite at 1080p,
689,Intelu00ae Coreu2122 i5-12400 Processor,
690,RAM:,
691,AMD Ryzen 7 5700G Processor,
692,Intelu00ae Coreu2122 i7-11700 Processor,
693,267 FPS when playing Fortnite at 1080p,
694,343 FPS when playing Fortnite at 1080p,
695,329 FPS when playing Fortnite at 1080p,
696,346 FPS when playing Fortnite at 1080p,
697,AMD Ryzen 5 3600 Processor,
698,368 FPS when playing Fortnite at 1080p,
699,289 FPS when playing Fortnite at 1080p,
700,258 FPS when playing Fortnite at 1080p,
701,Intelu00ae Coreu2122 i3-10100F Processor,
702,255 FPS when playing Fortnite at 1080p,
703,Foam padded backrest & seat,
704,Materials:,
705,Fabric,
706,Adjustable height,
707,Neck & lumbar support pillows,
709,Adjustable arms & back,
710,Adjustable height / arms / back,
711,Alcantara,
712,Self assembly required,
714,Compatible with gaming steering wheels & pedals,
715,Built-in cable management,
716,Powder coated steel & leather,
717,Extra padded armrests,
718,Adjustable height & back,
719,Breathable material,
720,Polyurethane & leatherette,
721,Faux leather,
722,PVC,
725,Adjustable back & head supports,
727,Compatible with PC,
728,Capture from HDMI / DVI / VGA / Component video,
729,Streaming ready,
730,Max resolution:,
731,Sharpened steel blade & adjustable cut length,
732,Foldable Ergoflex handle,
733,Rechargeable battery:,
734,Blade length:,
735,Foldable handle,
736,Shredding function,
737,Cutting system:,
738,Includes collection bag,
739,Collection capacity:,
740,Weight:,
742,Ergoflex handle,
744,Plant protector,
745,Blade speed:,
746,Airflow speed:,
747,Adjustable cut length,
748,Mains powered,
749,Cutting diameter:,
750,Cutting area:,
751,16 GB GDDR6,
752,HDMI / DisplayPort,
754,12 GB GDDR6X,
755,8 GB GDDR6,
756,12 GB GDDR6,
757,4 GB GDDR6,
759,8 GB GDDR6X,
760,Stream processors:,
761,Clock speed:,
762,Bandwidth:,
763,CUDA cores:,
764,6 GB GDDR6,
765,10 GB GDDR6X,
766,Ambidextrous design,
767,4 customisable keys,
768,8 ExpressKeys,
769,Active area:,
770,Precision level:,
771,With tilt sensitivity,
772,2.5 m cord,
773,8 heat settings,
774,2.7 m cord,
775,2 heat settings,
777,Includes gift case,
778,Ionic technology,
780,Intelligent heat control,
781,4 heat settings,
782,6 speed settings,
784,3 temperature settings,
785,2 speed settings,
786,2.6 m cord,
787,Powerful digital motor in handle,
788,7 speed settings,
789,1.8 m cord,
790,Magnetic attachments,
791,3 m cord,
792,Ionic & Ceramic technology,
793,5 temperature settings,
794,Uses air to style & wrap hair,
795,Flexing plate technology lets you style using less heat,
797,Style & dry at the same time,
798,Suitable for all hair types,
799,6 styling accessories included,
800,30 temperature settings,
801,Maximum temperature:,
802,Heating time:,
804,8 temperature settings,
805,9 temperature settings,
807,Includes charging cable / dock / travel pouch,
809,OLED display,
812,Suitable for all hair types with 3 heat settings,
813,10 temperature settings,
814,Automatic shut-off,
816,Digital display,
817,Up to 30 minutes of cordless styling or use corded,
818,Wave / curl / smooth / dry,
819,Perfect for exercise & fitness,
820,Microphone / remote / volume control,
821,iOS compatible,
822,Perfect for entertainment,
823,Works with Amazon Alexa / Google Assistant,
824,Adjustable active noise-cancelling,
825,True wireless,
826,Microphone / volume / playback & functions control,
827,Water / sweat resistant,
828,Perfect for working & studying,
829,Works with Siri / Google Assistant,
830,Passive noise-isolating,
831,Microphone / playback & functions control,
832,Works with Siri,
833,Microphone / volume control,
834,In-ear headphones,
836,Water & sweat resistant,
837,Works with Siri / Google Assistant / Amazon Alexa,
838,Over-ear headphones,
839,Perfect for commuting & travel,
840,iOS / Android compatible,
841,Compatible with PC / Mac,
842,Controls on earcup,
843,Cardioid pickup pattern,
845,Cardioid / omni-directional / bi-directional recording patterns,
846,Tripod stand,
847,In-line volume control,
848,Skype compatible,
849,Compatible with Mac & PC,
850,Compatible with PC / Mac / consoles,
851,Auto-mute,
852,Integrated stand,
853,Eliminates external noise,
854,Cardioid / omni-directional recording patterns,
855,Connectivity:,
856,Adjustable stand,
857,2.0 sound,
858,Compatible with Bluetooth-enabled devices,
859,Noise-cancelling microphone,
860,Universally compatible,
861,Broadcast boom arm stand,
862,Built-in shock absorber,
863,Compatible with Windows / Mac / PS4 / PS5,
864,Cardioid recording pattern,
865,Compatible with mobile devices & tablets,
868,Touch controls,
869,RGB LED lighting,
871,Compatible with PC & consoles & mobile devices,
872,Compatible with PC / Mac / PS4 / PS5 / Switch & mobile devices,
874,LED lighting,
875,Compatible with PS4 / PS5,
876,Compatible with PC / PS4 / PS5 / mobile devices,
877,Compatible with PC / PS4 / PS5,
879,Compatible with PC / PS5,
881,Virtual surround sound,
882,Compatible with PC / Mac / PS4 / PS5,
883,True surround sound,
884,Compatible with PC / PS4 / PS5 / Switch / Android,
885,In-line volume control & auto-mute,
886,With odour filter,
887,Digital timer,
888,Removable basket,
889,Little to no oil needed,
890,Professional fryer,
891,Food capacity:,
892,Only one spoon of oil needed,
893,Coolwall technology,
894,Easy-clean design,
895,Safety cut-out,
896,Oil capacity:,
898,60 minute timer,
902,9 hour timer,
903,Geolocation function,
904,Adapt the heating to your location via geofencing,
905,Works with Apple HomeKit / Google Assistant / Amazon Alexa,
906,Works with Siri / Amazon Alexa / Google Assistant,
907,Compatible with Mi Home App,
908,No hub required,
909,Now includes hot water control,
910,Compatible with iOS & Android,
912,Add-on for Energenie Mi Home Gateway,
913,Set schedules & timers,
914,Temperature sensor,
915,Includes thermostat / hub / receiver,
916,Add-on for TCP Smart Radiator Valve Kit,
917,Works with Apple HomeKit,
918,Control your heating and hot water from your smartphone,
919,Includes radiator valve / hub,
920,Manage all zones and settings within the tadou00b0 app,
921,Includes thermostat / bridge,
922,Responds to your touch,
923,Works with Apple HomeKit / Amazon Alexa / Google Assistant / IFTTT,
924,Works with Google Assistant,
925,Learns your heating preferences and creates custom heating schedules,
926,Adapts to your needs with automatic heating control & schedules,
927,Add-on for Netatmo Smart Thermostat or Starter Pack,
928,Features a new larger and sharper display,
929,Smartphone controllable thermostat,
930,Energy savings report,
931,Control your homeu2019s heating from your smartphone or tablet,
932,Requires Hive Hub,
933,Open window detection,
934,Easy self-installation,
935,Control your homeu2019s heating,
936,Works with Amazon Alexa / Google Assistant / IFTTT,
937,Battery powered,
938,Includes thermostat / receiver,
939,Individual radiator control for maximum comfort,
940,Set daily heating schedules,
941,Set schedules,
942,Add-on for tadou00b0 Smart Thermostat Starter Kit,
943,Flexible cooking zones,
944,5.2 x 58 x 51 cm (H x W x D),
945,5.5 x 58 x 51 cm (H x W x D),
946,Precise power selection,
948,4.3 x 58 x 51 cm (H x W x D),
949,Front-mounted touch controls,
950,4 x 58 x 51 cm (H x W x D),
951,4 burners including wok burner,
953,7.5 x 59 x 52 mm (H x W x D),
954,5.7 x 59 x 52 cm (H x W x D),
955,5.5 x 59 x 52 cm (H x W x D),
956,7.1 x 58 x 51 cm (H x W x D),
957,4.4 x 59 x 52 cm (H x W x D),
958,Automatic ignition,
959,4.5 x 59.2 x 52.2 cm (H x W x D),
960,4 burners,
961,3.8 x 59 x 52 cm (H x W x D),
962,4 zones,
963,5.2 x 57.5 x 50.5 cm (H x W x D),
964,5.1 x 59.2 x 52.2 cm (H x W x D),
965,Dial controls,
966,Boost function,
968,6 x 59 x 52 cm (H x W x D),
969,Cast-iron pan supports,
971,4 x 59.5 x 51 cm (H x W x D),
976,Suitable for 8K@60 / 4K@120 Hz / HDR,
977,Amplify digital signals 14x by 23 dB,
982,Suitable for 4K Ultra HD at 120 Hz,
984,HDMI inputs x 3,
986,Low levels of data loss,
988,Up to 3.4 Gbps,
989,Integrated 4G filter removes interference,
990,Resolution supported:,
991,Sends an aerial signal for up to six TVs at once,
994,"USB port for charging smartphone, tablets and other devices",
995,Improved reception and channel availability,
996,Up to 48 Gbps,
997,Optical,
998,Wired subwoofer,
999,Bluetooth,
1000,HDMI,
1001,330 W,
1002,40 W,
1003,Compatible with other Bose speakers / Chromecast / AirPlay / Spotify Connect,
1004,Optical / Coaxial,
1005,Compatible with SONOS multi-room,
1006,Pairs with Bose Soundbar 500 / Soundbar 700 / Bass Modules,
1007,4K pass-through,
1008,320 W,
1009,Pairs with SL4Y / SL5Y / SL7Y / SK9Y / SK10Y / SL8YG / SL9YG / SL10YG sound bars,
1010,Meridian technology,
1011,WiFi,
1012,110 W Peak / 60 W RMS,
1013,Compatible with Samsung SmartThings,
1014,Wireless subwoofer,
1015,Built-in subwoofer,
1016,Supports High-Resolution Audio,
1017,300 W,
1018,WiFi / Bluetooth,
1019,Works with Amazon Alexa & Google Assistant,
1020,Dolby Atmos:,
1021,Supports High-Resolution Audio with 4K pass-through,
1022,Compatible with Bose Bass Modules / Surround Sound Speakers / Home Speaker,
1023,175 W Peak / 120 W RMS,
1024,50 W Peak / 30 W RMS,
1025,Output power:,
1026,Adaptive / optimized audio,
1027,160 W RMS,
1028,HDMI / Optical,
1029,160 W,
1030,100 W,
1031,DTS Virtual:,
1032,Extraction (kit sold separately),
1033,Max airflow rate:,
1035,Recirculation,
1036,Extraction,
1037,Noise level:,
1038,Recirculation (carbon filter sold separately),
1042,PC protection:,
1043,Automatic Renewal. See product information,
1046,Reservoir capacity:,
1047,6.5 bar pressure,
1048,Ceramic soleplate,
1049,Steam output:,
1050,Temperature control,
1051,8 bar pressure,
1052,Anti-scale,
1053,7.8 bar pressure,
1055,Shot of steam,
1056,5.3 bar pressure,
1057,7.6 bar pressure,
1058,Auto shut-off,
1059,Non-stick soleplate,
1060,Diamond soleplate,
1061,Touchscreen,
1063,Includes 3 dessert tubs & recipe guide,
1064,Makes up to 60 litres,
1066,2 speed settings with pulse function,
1067,7 dessert programs,
1068,Includes blending jug,
1069,Includes 2 blending cups,
1071,Includes blending bowl,
1072,1 speed setting,
1073,Includes CO2 Cylinder,
1074,3 speed settings with pulse function,
1075,Turns tap water into sparkling water in seconds,
1077,Dishwasher-safe,
1081,360-degree rotational base,
1082,Water level indicator,
1085,Variable temperature control,
1086,Anti-limescale filter,
1087,Backlit keys,
1088,Up to 3 years battery life,
1089,Up to 80 hours battery life,
1090,Up to 24 months battery life,
1091,Compatible with Windows 10,
1093,Numeric keypad,
1094,Compatible with Windows 8,
1095,Up to 1 month battery life,
1096,Compact keyboard,
1097,Up to 2 years battery life,
1098,Up to 16 months battery life,
1100,Full-size keyboard,
1101,USB rechargeable,
1102,8 programmable keys,
1103,Fully programmable keys,
1104,Ergonomic design,
1105,Cynosa Lite Gaming Keyboard,
1107,Logitech GL Tactile switches,
1108,OmniPoint switches,
1109,MM300 Gaming Surface,
1110,Anti-ghosting,
1111,Red switches,
1112,HARPOON RGB Pro RGB Optical Gaming Mouse,
1113,MM100 Gaming Surface,
1114,Cherry MX Red switches,
1115,HS50 PRO Stereo Gaming Headset,
1116,Razer Yellow switches,
1117,Roccat Titan Tactile switches,
1118,K60 RGB PRO Gaming Keyboard,
1119,6 programmable buttons,
1120,5 programmable keys,
1121,Razer Green switches,
1122,DeathAdder Essential Gaming Mouse,
1124,Up to 30 hours battery life,
1125,BlackShark V2 X Gaming Headset,
1126,Gigantus V2 Large Gaming Surface,
1128,Up to 40 hours battery life,
1129,Logitech GL switches,
1131,RGB backlit keys,
1132,Romer-G switches,
1133,TTC Red switches,
1134,K55 RGB Gaming Keyboard,
1136,Razer Linear Optical switches,
1137,60% form factor,
1139,Multicolour backlit keys,
1141,12 mm black on white blank tape,
1142,Print using iOS or Android app,
1143,Print resolution:,
1144,Connects to PC,
1145,Prints 4 label sizes,
1146,Prints 5 label sizes,
1147,Compatible with PC / Mac / iOS / Android,
1148,Compatible with Brother P-Touch,
1149,Choose from hundreds of designs on the Brother app,
1150,400 labels,
1151,QWERTY keypad,
1152,Prints pre-sized & continuous labels,
1154,Includes 3 attachments & storage pouch,
1155,Includes 8 attachments & storage pouch,
1156,Suitable for body & bikini,
1157,Suitable for face & body & bikini,
1158,Intense pulsed light,
1159,Water washable,
1161,Includes 10 attachments / Braun FaceSpa / storage pouch,
1163,2 speeds,
1164,Cuts up to 5 sheets,
1165,Includes 75 micron starter cartridge,
1166,Heats up in 1.5 minutes,
1167,Heats up in 4 minutes,
1168,125 microns,
1169,Anti jam,
1170,Gloss texture,
1171,Safe cut blades,
1172,Includes 5 free pouches,
1173,250 microns,
1174,80 microns,
1175,Thickness:,
1176,Heats up in 3 minutes,
1177,Weather sealed,
1178,Ideal for portraiture,
1179,Ideal for macro,
1180,Compatible with Canon EF mount,
1181,Compatible with Canon EF-S mount,
1182,Compatible with Canon RF mount,
1183,Image stabilisation,
1184,Compatible with Canon EF-M mount,
1185,Aperture range:,
1186,Compatible with Nikon DX mount,
1187,Ideal for landscape and architecture,
1188,Compatible with Nikon FX mount,
1189,Compatible with Sony E mount,
1190,Compatible with Fujifilm X mount,
1191,Silent focus,
1192,Ideal for sports & wildlife,
1193,Equivalent to 100 W,
1194,15 bright LED lights,
1195,355 lumens,
1196,Lifespan:,
1197,Infrared sensor,
1198,806 lumens,
1199,1521 lumens,
1200,Equivalent to 50 W,
1201,White light,
1203,Rechargeable battery,
1204,250 lumens,
1205,3000 hours lifetime,
1206,1400 lumens,
1207,Equivalent to 25 W,
1208,Dimmable,
1209,WiFi & Bluetooth connection,
1210,Works with mains power,
1211,Equivalent to 20 W,
1212,Equivalent to 60 W,
1213,App controlled RGB light,
1214,Motion sensor,
1215,Robust & waterproof,
1216,Suitable for outdoor use,
1217,Warm white light,
1218,microSD cards,
1221,10 year guarantee,
1222,SD / MMC cards,
1224,SD adapter included,
1225,No power supply required,
1226,UHS Speed Class 1 ideal for Full HD 1080p recording,
1228,Cleaning brush,
1229,Corded,
1230,Pivoting head,
1231,Includes 9 attachments,
1232,For Philips OneBlade shavers,
1233,1 attachment,
1234,7 attachments,
1235,With trimmer,
1238,Self-sharpening blades,
1239,1 position,
1240,9 positions,
1241,Waterproof,
1242,3 positions,
1243,Includes 2 attachments & storage pouch,
1244,8 positions,
1245,20 positions,
1246,Includes 15 attachments,
1248,13 positions,
1249,Up to 12 days battery life,
1251,Laser mouse,
1252,Scroll wheel,
1253,Connection:,
1254,GM-5005 MARCUS-2 RGB Optical Gaming Mouse,
1255,Ergonomic mouse,
1256,GH-2042 OCELOT Gaming Headset,
1257,Ergonomic keyboard & mouse,
1262,MP-1965 Gaming Surface,
1263,Optical mouse,
1266,GK-1923 GLADIATOR-2 Gaming Keyboard,
1267,Up to 18 months battery life,
1269,Adjustable LED lighting,
1270,Up to 26000 DPI,
1271,9 programmable buttons,
1272,Up to 18000 DPI,
1273,8 programmable buttons,
1274,Up to 150 hours battery life,
1275,18 programmable buttons,
1277,Up to 19000 DPI,
1279,20 programmable buttons,
1280,Up to 70 hours battery life,
1281,Up to 100 hours battery life,
1282,19 programmable buttons,
1283,Up to 25600 DPI,
1284,Designed for right-handed users,
1285,11 programmable buttons,
1286,Up to 20000 DPI,
1287,Programmable LED lighting,
1288,Up to 8500 DPI,
1289,Up to 240 hours battery life,
1290,Up to 25000 DPI,
1291,Water & dust resistant,
1292,Up to 16000 DPI,
1293,5 programmable buttons,
1295,Up to 12000 DPI,
1296,Up to 180 hours battery life,
1297,Up to 48 hours battery life,
1298,15 programmable buttons,
1299,Up to 60 hours battery life,
1308,Turntable diameter:,
1309,19 auto cooking programs,
1310,1 auto cooking program,
1311,35 auto cooking programs,
1312,10 auto cooking programs,
1313,Intelligent weight sensor,
1314,18 auto cooking programs,
1315,Easy-clean enamel interior,
1317,Bread proving function,
1318,Inverter technology,
1319,Intelligent sensor technology,
1320,6 auto cooking programs,
1321,Enamel coating,
1322,Maximum microwave power:,
1323,3 auto cooking programs,
1324,Plate warming function,
1325,Oven temperature:,
1326,Flatbed design means no turntable for more space,
1327,15 auto cooking programs,
1328,8 auto cooking programs,
1329,Hot air frying,
1330,NVIDIA SLI x 2,
1331,AMD CrossFire x 3,
1332,Form factor:,
1333,Memory:,
1334,AMD CrossFire x 4,
1335,Socket:,
1336,AMD CrossFire x 2,
1337,Chipset:,
1338,Graded Hammer Standard Keyboard,
1339,Assorted designs,
1340,Includes guitar / amplifier / case / accessories,
1341,5 drums & 2 cymbals,
1342,Learning function,
1343,High gloss finish,
1344,Smart Pianist app,
1345,USB host port,
1346,22 frets,
1347,255 preset voices,
1348,6 strings,
1349,Includes guitar / case / accessories,
1350,Suitable for beginners,
1351,Alder body & maple neck,
1352,Counterbalanced spring support,
1354,Height adjustable,
1355,6 months free online music lessons with Gigajam,
1356,Gloss finish,
1357,64 notes polyphony & 10 preset voices,
1358,61-note keyboard,
1359,Auto accompaniment,
1360,88-note keyboard,
1361,Compatible with 32 - 42 mm diameter microphones,
1363,Ideal for podcasting,
1364,100 styles,
1366,Recording Function,
1367,C-clamp desk mount,
1368,MIDI connector,
1369,Powered by mains or batteries,
1370,Input / phones / aux-in / USB,
1371,Includes adjustable seat,
1372,88-note weighted keyboard,
1373,10 preset songs,
1374,Rubber feet for added grip,
1375,Training tutorials,
1376,24 preset songs,
1377,PoE port,
1378,Advanced network control,
1379,No configuration needed,
1380,Ideal for homes & small offices,
1381,Ideal for medium offices,
1382,Speed:,
1384,Compatible with MacOS,
1388,Operating system:,
1389,Waterproof & fogproof,
1390,Field of view:,
1391,Coated optics,
1392,Mirror & phase correction prism coating,
1393,Weatherproof,
1394,Porro prism,
1395,8 x magnification,
1396,Multilayer coating,
1397,Magnetic brass buckle,
1398,Roof prism,
1399,Eyepiece magnification:,
1400,Focal length:,
1401,12 x magnification,
1402,24 x magnification,
1403,Eyepiece 2 & 3 magnification:,
1405,Focal ratio:,
1406,Mount:,
1408,10 x magnification,
1409,15 x magnification,
1410,Eyepiece 2 magnification:,
1411,Compatible with most roof prism binoculars,
1413,Auto cleaning,
1414,Assisted cleaning,
1415,88.8 x 59.4 x 54.8 cm (H x W x D),
1416,59.5 x 59.5 x 56.6 cm (H x W x D),
1417,Main oven energy rating:,
1418,72 x 59.5 x 56.7 cm (H x W x D),
1420,Main oven capacity:,
1422,59.5 x 59.4 x 54.8 cm (H x W x D),
1423,Catalytic liners,
1424,Oven type:,
1425,72 x 59.5 x 57.5 cm (H x W x D),
1426,59.5 x 59.5 x 56.8 cm (H x W x D),
1427,88.8 x 59.4 x 56.8 cm (H x W x D),
1429,58.9 x 59.4 x 56.8 cm (H x W x D),
1430,Main oven type:,
1431,59.5 x 59.4 x 56.7 cm (H x W x D),
1432,88.7 x 59.7 x 57.7 cm (H x W x D),
1433,88.7 x 59.7 x 57.5 cm (H x W x D),
1434,59.5 x 59.5 x 57.5 cm (H x W x D),
1435,Compatible with Polaroid Hi-Print 2x3 Printer,
1436,Includes color ribbon and photo paper,
1439,Matt finish,
1440,Sticky-backed paper,
1441,CW-9060048-WW,
1442,RL-KRZ73-01,
1443,306-7ZW1B41-813,
1444,Processor cooling,
1445,CO-9050071-WW,
1446,RGB lighting,
1447,Max airflow:,
1448,CW-9060046-WW,
1449,CO-9050074-WW,
1450,RF-AP120-FP,
1451,HS-01D-BQ,
1452,CW-9060051-WW,
1453,CW-9060043-WW,
1454,Ball bearing,
1455,Max noise level:,
1456,CW-9060050-WW,
1457,CW-9060045-WW,
1458,Magnetic bearing,
1459,Hydraulic bearing,
1460,Fluid dynamic bearing,
1461,CO-9050072-WW,
1462,Includes everything you need for phone & laptop repairs,
1464,Pin connection:,
1466,Choose from hundreds of free games in the Xbox store,
1467,Get exclusive discounts on games and game-add ons,
1468,Add funds to Steam Wallet,
1469,Easy-to-use wizard,
1470,Easily move your programs and files,
1472,With subwoofer for deep bass,
1473,Mute button,
1474,Reliable connection from up to 15 metres (50 feet),
1476,Noise-reducing microphone,
1478,Number of speakers:,
1479,Simple set-up with one-button pairing and auto re-pairing,
1480,Connect to any speaker with a 3.5 mm or RCA connection,
1481,Includes carry case,
1482,Stream music from smartphone or tablet,
1483,Skip-free,
1485,Compatible with MP3 CDs,
1486,12 hours battery life,
1487,Scratch-resistant,
1488,IP67 water resistant,
1489,Built-in speaker provides audible alert,
1490,Includes SIM tray tool,
1491,Attaches the Apple AirTag to your keys,
1492,Blue light protection,
1493,Bubble-free guarantee,
1494,USB 3.0 / Lightning,
1495,Automatic backup for photos,
1496,Fingerprint resistant,
1497,Mobile app available,
1498,For micro & nano SIM cards,
1499,Anti-microbial,
1501,Locate lost items using your iPhone or iPad,
1502,With screen wipe,
1503,Attaches the Apple AirTag to your belongings,
1504,Compatible with MacBook Pro with Retina Display & MacBook Air,
1506,Compatible with most Advent laptops,
1507,Includes 3 laptop connectors,
1508,Includes 1 USB Type-C connector,
1509,USB Type-C port,
1510,Includes 5 laptop connectors,
1511,Compatible with most HP laptops,
1512,Includes 4 laptop connectors,
1513,Compatible with MacBook Pro with Retina Display,
1514,Compatible with most power adapters,
1515,Includes 10 laptop adapter tips,
1517,Compatible with laptops,
1518,Compatible with MacBooks & iPhones with USB Type-C,
1519,Compatible with most Lenovo laptops,
1520,Compatible with most laptop brands,
1521,Compatible with MacBook and MacBook Pro,
1522,Compatible with most Dell laptops,
1523,Compatible with most USB Type-C laptops,
1524,135mm fan,
1525,80 PLUS Gold,
1526,140mm fan,
1527,120mm fan,
1528,SLI & CrossFire compatible,
1529,80 PLUS Bronze,
1530,80 PLUS,
1531,80 PLUS Platinum,
1532,Quickly change attachments,
1533,Includes eccentric and right angle attachment,
1534,Compatible with Gardena Power For All garden tools,
1535,0.8 litre paint container,
1536,Paint application:,
1537,Includes 1 battery pack,
1538,Accuracy:,
1539,Torque limiter,
1541,Power assisted cutting,
1542,Compatible with Power For All batteries,
1544,LED light,
1545,Delivery volume:,
1546,Drill / brush / sand / polish,
1547,Keyless chuck,
1548,Precise results,
1549,65-piece attachment,
1550,Screwdriver & drill,
1551,Cuts wood / metal / plasterboard,
1552,Plunge depth:,
1553,2-speed gearbox,
1554,Micro-USB charging,
1555,Works on multiple surfaces,
1556,1 litre paint container,
1557,Soft start,
1559,Variable speed control,
1560,Slip-resistant handle,
1561,LED indicators,
1562,Includes 10 screwdriver bits,
1563,3-mode operation,
1564,Includes 2 battery packs,
1565,Anti-restart function,
1566,1 Ethernet port,
1567,Up to 1200 Mbps,
1568,WiFi and Ethernet connection from any plug socket,
1569,3 Ethernet ports,
1570,N300,
1571,Plug socket stays usable,
1572,Up to 300 Mbps,
1573,Ethernet connection from any plug socket,
1574,Up to 1300 Mbps,
1575,Up to 600 Mbps,
1576,Dual-band (2.4 GHz + 5 GHz),
1577,2 Ethernet ports,
1578,5 Ethernet ports,
1579,Up to 1000 Mbps,
1580,Single-band (2.4 GHz),
1581,Up to 2400 Mbps,
1582,Up to 500 Mbps,
1583,4 Ethernet ports,
1584,Compatible with Epson Ecotank printers,
1585,Compatible with HP Officejet & Deskjet & Envy printers,
1586,Compatible with Brother MFC printers,
1587,Compatible with HP Deskjet printers,
1588,Compatible with HP Officejet Pro printers,
1589,Compatible with HP DeskJet & ENVY All-in-One printers,
1590,Approximate number of prints:,
1591,Up to 1000 pages,
1592,Compatible with Canon PIXMA MG printers,
1593,Compatible with Canon PIXMA printers,
1594,Compatible with HP Officejet / Officejet Pro printers,
1595,MPN:,
1596,Compatible with HP Deskjet & Officejet & Envy printers,
1597,HP 301 equivalent,
1598,Remanufactured ink,
1599,Compatible with Brother HL & DCP & MFC printers,
1600,Compatible with HP LaserJet Pro M15 & MFP M28 printers,
1601,Up to 1200 pages,
1602,Compatible with Epson XP / WF printers,
1603,Compatible with HP ENVY Photo All-in-One printers,
1604,Ideal for inkjet & laser printers,
1605,Save your notes to cloud services and email,
1607,Whiteness:,
1609,Compatible with Pilot FriXion pens,
1610,A5,
1611,Up to 20 prints per minute,
1612,WiFi / Bluetooth / Apple AirPrint,
1613,Apple AirPrint & Google Cloud Print,
1614,WiFi / Apple AirPrint,
1615,Up to 10 prints per minute,
1616,Automatic double-sided printing,
1617,Automatic document feeder,
1618,Up to 7.5 prints per minute,
1619,9 months of HP Instant Ink with HP+,
1620,Includes 4 months of HP Instant Ink,
1621,Includes enough ink for 14000 black and 5200 colour pages,
1623,Up to 8.8 prints per minute,
1624,WiFi & Canon Easy-WebPrint,
1625,Up to 14.5 ipm,
1626,9600 x 2400 dpi,
1627,Compatible with ReadyPrint ink subscription,
1628,Includes 2 Canon FINE Cartridges,
1629,Get advanced HP Smart App solutions with HP+,
1630,Includes enough ink for 4500 black and 7500 colour pages,
1631,Up to 9.1 prints per minute,
1632,Up to 15 prints per minute,
1633,Up to 18 prints per minute,
1634,Compatible with Amazon Alexa / Google Assistant,
1635,Up to 8.5 prints per minute,
1636,Up to 10.5 prints per minute,
1637,6 months of HP Instant Ink with HP+,
1638,Includes full set of ink,
1639,Octa-core,
1640,Includes CPU cooler,
1641,Turbo Boost:,
1642,12-core,
1643,Turbo Core:,
1644,Frequency:,
1646,16-core,
1647,Cache:,
1648,10-core,
1649,Hexa-core,
1650,Fully customisable,
1651,Controls up to 3 devices,
1652,Controls up to 5 devices,
1653,Pre-programmed for numerous brands,
1654,Replacement remote for all LG TVs,
1655,Ideal TV remote replacement,
1656,Code search function,
1657,Adjustable sound control,
1658,Replacement remote for all Panasonic TVs,
1659,Extra-large buttons,
1660,Works with your Smart TV,
1661,Replacement remote for all Sony TVs,
1662,Simple set-up,
1663,Ultra wide angle operation,
1664,Controls up to 8 devices,
1665,Smart control,
1666,No set up required,
1667,Controls up to 4 devices,
1668,Learning feature,
1669,Controls up to two devices (TV and set-top box),
1670,Replacement remote for all Samsung TVs,
1671,Motion control,
1672,Controls 2 devices,
1673,Controls 1 device,
1674,Controls up to 12 devices,
1675,AC 2900,
1676,Ideal for moderate internet use,
1677,Ideal for low internet use,
1678,AC 1200,
1679,For mobile broadband using 3G or 4G Micro SIM card,
1680,AX 6000,
1681,AC 2800,
1682,AX 11000 WiFi 6,
1683,AC 2400,
1684,AX 1800,
1685,AX 3000 WiFi 6,
1686,For cable or fibre optic broadband,
1687,AC 2100,
1688,AX 5400 WiFi 6,
1689,Ideal for high internet use,
1690,MU-MIMO gives everyone the fastest connection,
1691,Beamforming improves network connectivity,
1692,AC 3100,
1693,Ideal for gaming,
1695,AX 1500 WiFi 6,
1696,For standard internet connections,
1697,N450,
1699,AC 750,
1700,AC 5400,
1701,AC 1350,
1702,Tri-band (2.4 GHz + 5 GHz + 5 GHz),
1703,AC 2300,
1704,Attachment:,
1705,Includes cable,
1706,Mount your device within easy reach,
1707,Micro USB compatible,
1708,One-click docking,
1709,Type:,
1710,Ideal for in-car use,
1711,Compatible with TomTom Sat Navs,
1712,Suction-free placement,
1713,Optical resolution:,
1714,Scanning element:,
1715,Negative film scanning,
1716,Scan speed:,
1717,2-way audio,
1719,2-year battery life,
1720,Viewing angle:,
1721,Works with Amazon Alexa,
1724,Classic & seasonal tones,
1725,Built-in siren,
1726,Works with Samsung SmartThings,
1727,Weather-resistant,
1728,Works with Amazon Alexa / IFTTT,
1729,Easy plug-in installation,
1730,Get notifications if motion is detected when you're away,
1731,Storage:,
1732,Remote viewing from your smartphone,
1733,Colour night vision,
1734,Compatible with Yale Conexis & Keyless Door Locks,
1735,Motion & heat detection,
1736,Open your smart lock without a key,
1737,Viewing range:,
1738,Motion detection,
1739,Includes hub / remote / motion detector / door sensor / range extender,
1740,Receive notifications when movement is detected,
1741,Works with Amazon Alexa / Samsung SmartThings,
1742,Get notifications sent to your smartphone,
1743,Adjustable volume,
1744,Works with Apple HomeKit / Google Assistant / Amazon Alexa / IFTTT,
1745,Night vision,
1746,Monitor your home from your smartphone or tablet,
1747,Works with Amazon Alexa / Samsung SmartThings / IFTTT,
1749,Do not disturb mode,
1750,11 built-in stitch patterns,
1751,21 built-in stitch patterns,
1752,23 built-in stitch patterns,
1753,Suitable for all fabrics,
1754,Automatic needle threader,
1755,8 built-in stitch patterns,
1756,Adjustable stitch length,
1757,Adjustable stitch width,
1758,Drop-in bobbin,
1759,6 built-in stitch patterns,
1760,Four-step buttonhole setting,
1761,Shreds up to 8 sheets at once,
1762,Shreds up to 5 sheets at once,
1763,Shreds up to 45 sheets at once,
1764,Shreds up to 15 sheets at once,
1765,Shreds staples / paper clips / credit cards / CDs,
1766,Compatible with most home shredders,
1767,Shreds up to 6 sheets at once,
1768,Shreds credit cards,
1769,Shreds staples / paper clips,
1770,Shreds up to 225 sheets at once,
1771,Bin capacity:,
1772,Shreds up to 10 sheets at once,
1773,Shreds up to 150 sheets at once,
1774,Maintains shredder blades,
1775,Shreds up to 9 sheets at once,
1776,Shreds staples / paper clips / credit cards,
1777,Shreds staples / credit cards,
1778,Duty cycle:,
1779,Security level:,
1781,3 speeds,
1782,With screen wipe and easy align tray,
1783,Interchangeable band for Apple Watch,
1784,Compatible with Qi enabled devices,
1785,Wireless charging via inductive connector,
1786,Compatible with Apple Watch Series 6 / 5 / 4 / SE,
1788,Charges Qi compatible devices,
1789,Includes Lightning to USB cable,
1790,Magnetic watch alignment,
1791,Charge three devices simultaneously,
1793,Charge your Apple Watch,
1794,Fast wireless charging,
1796,5 attachment heads,
1797,Tracks steps / distance / calories / sleep,
1798,Tracks 11 body composition measurements,
1799,Tracks 12 body composition measurements,
1800,Can be used by up to 8 people,
1801,Nutrition tracking,
1802,Wireless syncing via Bluetooth,
1803,Recognises up to 8 users,
1804,Bluetooth app control,
1805,Measures your temperature in 2 seconds,
1807,Bluetooth connection,
1808,Monitors sleep,
1809,Works with SleepExpert app,
1810,Keeps drinks cold up to 24 hours,
1811,Measures weight / body mass index / body fat,
1812,Volume:,
1813,Measures your blood pressure,
1814,Automatically recognises users,
1815,Comprehensive weight & body mass tracking,
1816,LED display readable at night,
1817,Auto detects up to 16 users,
1818,WiFi & Bluetooth connectivity,
1821,Up to 6 months battery life,
1822,Compatible with Noerden app,
1823,Works with Fitbit app,
1824,Control via the Withings Health Mate app from your smartphone or tablet,
1825,Tracks weight & BMI,
1827,Drinking reminders,
1828,iOS & Android compatible,
1829,Athlete mode,
1830,Battery operated,
1831,Tracks 14 body composition measurements,
1832,Body composition analysis,
1833,Tracks sleep quality / stages / activity / breathing / snoring,
1835,Wi-Fi & Bluetooth,
1836,Tracks your hydration,
1837,Improves strength and tone in abdominal muscles,
1838,Includes extra batteries / charging hub / filters / bag,
1839,Develops STEM skills,
1840,Gimbal,
1841,Follow me feature,
1843,4K Ultra HD recording,
1844,Connects wirelessly to your phone or tablet,
1845,Max. speed:,
1846,Suggested age:,
1847,Gravity or hand powered,
1848,Bluetooth-enabled,
1849,Teaches principles of gravity / mechanics / renewable energy,
1850,20 models / 250 components to assemble,
1851,Includes speaker and 6 cards,
1852,2.7K 1530p recording & streaming,
1853,Return home function,
1854,4K Ultra HD recording & streaming,
1855,Max. flight time:,
1856,Set up product catalogues & track sales,
1857,Includes extra batteries / charging hub / bag,
1858,Includes FPV goggles / controller,
1859,Prints receipts & built-in charging cradle,
1860,10 models / 200 components to assemble,
1862,Smart speaker for kids,
1863,Teaches principles of robotics and programming,
1864,Teaches principles of mechanics & engineering,
1865,Pay a flat rate for every contactless or chip & PIN transaction,
1866,5.1K Ultra HD recording,
1867,Built-in GPS,
1868,5.4K recording & streaming,
1870,WiFi connectivity,
1871,Built-in 3G SIM card,
1873,Accepts Chip & Pin / Contactless / Apple Pay / Google Pay,
1874,Suitable for ages 5+,
1875,Develops STEAM skills,
1876,HD 720p recording & streaming,
1877,Contactless payments via Garmin Pay,
1878,Voice calling / voice commands / smartphone notifications,
1879,Health & fitness tracking with HR / Blood Oxygen / GPS,
1881,Health & fitness tracking with HR / ECG / Blood Oxygen / GPS,
1882,Space Grey & Black (Sports Band),
1883,eSIM lets you stay connected without your smartphone,
1884,Voice commands / smartphone notifications,
1885,Compatible with iOS / Android,
1886,Space Grey & Anthracite / Black (Sports Band),
1887,Health & fitness tracking with heart rate monitor & GPS,
1888,Contactless payments via Apple Pay,
1889,Contactless payments via Fitbit Pay,
1891,Built-in 4G SIM lets you stay connected without your smartphone,
1893,Compatible with iOS,
1894,Midnight (Sports Band),
1895,Compatible with Android,
1896,Compatible with iOS / Android / Windows,
1897,Health / fitness / skin temperature tracking with heart rate monitor & GPS,
1899,Starlight (Sports Band),
1900,Up to 12 hours battery life,
1901,Up to 15 hours battery life,
1902,Up to 6 hours battery life,
1903,Pair up to 2 speakers,
1904,Up to 20 hours battery life,
1905,CD player,
1906,Pair 150+ speakers,
1907,Pair 100+ speakers,
1908,Up to 10 hours battery life,
1910,Bluetooth / NFC,
1911,WiFi / Apple AirPlay,
1912,CD player & FM radio,
1914,Aux-in,
1915,USB / Aux-in / RCA,
1916,Pair up to 100 speakers,
1917,Up to 18 hours battery life,
1918,USB port,
1919,Aux-in / USB,
1920,Up to 24 hours battery life,
1921,USB / Aux-in,
1922,Up to 8 hours battery life,
1923,Wirelessly connect to other Sonos speakers,
1925,FM radio,
1926,Up to 13 hours battery life,
1927,DAB+/DAB / FM radio,
1928,Aux-in / USB with smartphone charging,
1930,USB smartphone charging,
1931,Speakerphone,
1933,Up to 16 hours battery life,
1934,2 accessories included,
1935,5 accessories included,
1936,Steam time:,
1939,Bright studio light that keeps heat low,
1941,15 LCD keys,
1943,32 LCD keys,
1944,Ultra-compact design,
1945,Change settings from your phone,
1946,Built-in livestreaming feature,
1947,Send out tweets while streaming,
1948,Personalise keys with custom icons,
1949,Built-in noise-cancelling microphone,
1951,Compatible with Windows & Mac,
1952,Internal pop filter,
1953,Includes tripod,
1954,Includes shock mount,
1956,Full HD 1920 x 1080p,
1958,Built-in microphone,
1959,Built-in shock mount,
1960,Compatible with PC / PS4 / Xbox One,
1961,Compatible with Windows / Mac / PS4,
1962,Up to 2500 lumens,
1963,Water flow rate:,
1964,6 accessories included,
1965,Dirty water capacity:,
1966,Includes two lances / nozzle / patio cleaner / car wash brush,
1967,Includes cleaning detergent,
1968,Detergent suction hose,
1969,Upholstery wash tool included,
1970,Wet and dry accessory kit included,
1971,Includes microfibre cloth / spray bottle / cleaning concentrate,
1972,Up to 25 minutes battery life,
1974,4 accessories included,
1975,Up to 35 minutes battery life,
1976,Perfect for cleaning windows & tiles,
1977,Includes two lances,
1978,Clean water capacity:,
1979,Heating function,
1980,Integrated detergent tank,
1981,Includes carpet cleaning solution,
1982,Includes two lances & patio cleaner,
1983,Two year manufacturer's guarantee,
1984,Pack of 2,
1985,Chemical starter kit,
1986,Suitable for up to 6 people,
1987,Auto-shut off,
1988,140 jets,
1989,120 jets,
1990,LED lighting system,
1992,Includes pool cover,
1993,Size:,
1994,Suitable for up to 4 people,
1995,180 jets,
1996,Suitable for up to 7 people,
1997,Compatible with any Lay-Z-Spa Pump,
1998,Suitable for up to 5 people,
1999,Includes scrubbing mitt / net / brush,
2001,Defrost function,
2002,Extra-wide slots,
2003,Warming function,
2004,Warming rack,
2005,Reheat function,
2006,Bagel function,
2007,High-lift eject,
2008,9 expansion bays,
2009,8 expansion bays,
2010,Includes case cooling,
2011,Includes LED lighting / window,
2012,Includes RGB lighting / window,
2013,Includes window,
2014,4 expansion bays,
2015,7 expansion bays,
2016,USB Type-C x 1 / USB 3.0 x 4,
2017,USB 3.0 x 2,
2018,Includes LED lighting,
2019,USB 3.0 x 1 / USB 2.0 x 2,
2020,USB Type-C x 1 / USB 3.0 x 2,
2021,USB Type-C x 1 / USB 3.0 x 3,
2022,USB Type-C x 1 / USB 3.2 x 2,
2023,10 expansion bays,
2024,USB 3.0 x 1 / USB 2.0 x 1,
2025,2 expansion bays,
2026,USB Type-C x 1 / USB 3.1 x 1,
2027,UK to US plug adapter,
2028,Compresses soft items for extra luggage space,
2030,Universal worldwide to UK plug adapter,
2031,UK to 2-pin plug adapter,
2032,Compression straps,
2033,Nickel-plated copper plug pins,
2034,USB & USB Type-C port,
2035,2 USB ports,
2036,Compatible with USB devices,
2038,2 USB ports / 2 USB Type-C ports,
2039,Combination lock,
2040,Includes vacuum bag & zipper tool,
2041,UK to EU plug adapter,
2044,Compact & lightweight,
2045,UK / US / EU / AU plug adapters,
2048,Manage your drying using your phone,
2050,Sensor drying,
2051,84.2 x 59.7 x 59.9 cm (H x W x D),
2052,Two-year manufactureru2019s guarantee,
2053,Non amplified indoor aerial,
2054,Optimised for HD digital TV & DAB radio,
2055,HD Ready,
2056,Adjustable angle,
2057,Signal overload protection,
2058,Freestanding or wall mountable,
2059,Aerial can be placed horizontally or vertically,
2060,Amplified indoor aerial up to 41 dB,
2061,3G / 4G / 5G block-filter,
2062,Signal level indicator,
2063,Receives analogue and digital signals,
2064,Optimised for Full HD digital TV and DAB radio,
2065,3G / 4G block-filter,
2066,Amplified indoor aerial up to 45 dB,
2067,Maximum signal range:,
2068,Amplifies terrestrial High Definition television signals,
2069,Ideal for placing behind a flat panel television,
2070,For up to 60u201d Televisions,
2071,Metal / wood,
2072,Maximum supported weight:,
2073,VESA compliance:,
2074,USB 3.1 / USB Type-C,
2076,Up to 130 MB/s,
2077,Up to 10 Gbps,
2078,5 year guarantee,
2079,Up to 60 Mbps,
2080,Hardware encryption / password protected,
2082,Up to 60 MB/s,
2085,USB 3.1,
2086,Compatible with all Ku00e4rcher pressure washers,
2087,Car cleaning accessory kit,
2088,Compatible with any Samsung Jet model,
2089,Compatible with Shark vacuum cleaners,
2090,Compatible with Vax Steam plus Detergent models,
2091,Cleans delicate surfaces & upholstery,
2092,Compatible with Vax Cordless Blade Vacuum,
2093,Compatible with all Vax carpet cleaners,
2094,Includes 3 attachment tools,
2095,Cleans hard-to-reach areas,
2097,Multi-layered filtration system,
2098,Set of 2 microfibre mop pads,
2099,Compatible with Numatic Henry vacuum cleaners,
2100,None of the drawbacks of wet cleaning,
2101,Compatible with Vax carpet cleaners,
2102,Traps 99.999% of fine dust and reduces allergens,
2103,Automatically empty dust into the bin,
2104,Includes 8 attachment tools,
2105,Compatible with Vax Blade cordless vacuum cleaners,
2106,Compatible with Dyson vacuum cleaners,
2107,Includes 4 vacuum bags & 2 motor filters,
2108,No sticky detergent residue,
2109,Designed to remove ground-in dirt,
2110,Compatible with full-sized carpet cleaners,
2111,Compatible with Ku00e4rcher Window Vacuum Cleaner,
2112,Compatible with Miele S4000 & S5000 series vacuum cleaners,
2113,For edge-to-edge cleaning,
2114,Ideal for removing pet hair,
2115,Compatible with all Miele cylinder vacuum cleaners,
2116,Helps to eliminate pet odours,
2117,Compatible with Vax steam mops,
2142,Includes everything you need to run VR on your PC,
2143,Compatible with Meta Quest VR Gaming Headsets,
2144,Includes two base stations for precise 360u00b0 motion tracking,
2145,Compatible with Meta Quest 2 VR Gaming Headset,
2146,Includes two light blockers & two alternative face shapes,
2147,Full virtual reality experience at home,
2148,Advanced Qualcomm Snapdragon XR2 processor,
2149,Includes redesigned Touch controllers,
2150,Cinematic 3D audio,
2151,32 headset sensors for 360u00b0 motion tracking,
2152,Fits headset / controllers / power adapter / Elite Strap,
2153,Enhanced resolution for seamless graphics,
2154,Hi-Res 3D spatial audio,
2155,Jump into VR without needing a PC or console,
2156,110u00b0 field of view with improved screen panel,
2158,Wash capacity:,
2159,Anti-allergy program - ideal for allergy sufferers,
2160,Quick wash to get your clothes clean in less time,
2161,Spin speed:,
2163,Stain removal to make sure your clothes always look their best,
2164,Quick wash time:,
2165,Automatic dosing uses the ideal amount of detergent for every load,
2166,Add missed items during the cycle,
2167,82.5 x 59.5 x 55 cm (H x W x D),
2170,Manage your washing using your phone,
2172,4K Ultra HD 3840 x 2160p,
2174,Skype certified,
2175,Built-in microphone & speakers,
2176,Quad HD 2048 x 1536p,
2177,VGA 640 x 480p,
2180,Microsoft Teams certified,
2181,Resolution:,
2182,HD 1280 x 720p,
2184,Photo button,
2187,Anti-slip surface,
2189,Intelli Wrap Cuff,
2190,Instant weight readings,
2191,5 speeds,
2192,Irregular heartbeat detection,
2193,Detects the possibility of Atrial fibrillation,
2195,4 interchangeable massage heads,
2197,Companion app available,
2198,Compatible with Omron Connect app,
2199,Complete WiFi coverage with Google Assistant built-in,
2200,Two unit system,
2203,Network security software,
2204,AC 2200,
2205,Complete WiFi coverage with any broadband provider,
2207,AC 3700,
2209,Three unit system,
2212,One unit add-on,
2214,AC 1300,
2215,Complete WiFi coverage with Amazon Alexa built-in,
2216,AX 1800 WiFi 6,
2217,AX 6600,
2218,Compatible with all home broadband providers,
2221,2 antennas,
2222,AC 1750,
2224,AX 6000 WiFi 6,
2225,AC 1900,
2226,Two Ethernet ports,
2227,PCIe 2.0 x 1,
2228,Plugs into a spare plug socket,
2229,WiFi:,
2233,AX 1500,
2234,One Ethernet port,
2236,Boost your WiFi signal further,
2237,AC 2600,
2238,Four Ethernet ports,
2240,Gigabit Ethernet x 2,
2243,Desktop range extender,
2244,Connect any PC to your WiFi,
2245,Gigabit Ethernet connection,
2250,Converts your USB port into an Ethernet port,
2253,Windows & Mac compatible,
2254,N150,
2259,Enables wireless communication with Bluetooth devices,
2262,Upgrade your PC for the latest AC WiFi,
2263,Bluetooth range:,
2264,AC 600,
